{
  "UserAgent": "MobileHub/1.0",
  "Version": "1.0",
  "CredentialsProvider": {
    "CognitoIdentity": {
      "Default": {
        "PoolId": "us-east-1:b9775059-29e4-4507-86d0-6bbfb146a970",
        "Region": "us-east-1"
      }
    }
  },
  "IdentityManager": {
    "Default": {}
  },
  "PinpointAnalytics": {
    "Default": {
      "AppId": "8cdc9af0eeeb435fbb6f58c0164611f2",
      "Region": "us-east-1"
    }
  },
  "PinpointTargeting": {
    "Default": {
      "Region": "us-east-1"
    }
  },
  "S3TransferUtility": {
    "Default": {
      "Bucket": "webpaa-deployments-mobilehub-209995345",
      "Region": "us-east-1",
      "acl": "public-read"
    }
  }
}